gu,X,Y
강남구,127.04713,37.483387
강남구,127.04713,37.483387
강남구,127.04713,37.483387
강남구,127.04713,37.483387
강남구,127.04713,37.483387
강남구,127.04713,37.483387
강남구,127.04713,37.483387
강남구,127.04713,37.483387
강남구,127.04713,37.483387
강남구,127.04713,37.483387
강남구,127.04713,37.483387
강남구,127.04713,37.483387
강남구,127.04713,37.483387
강남구,127.04713,37.483387
강남구,127.04713,37.483387
강남구,127.04713,37.483387
강남구,127.04713,37.483387
강남구,127.04713,37.483387
강남구,127.04713,37.483387
강남구,127.041466,37.504757
강남구,127.03633,37.51128
강남구,127.036095,37.510906
강남구,127.1138,37.478252
강남구,127.11348,37.477818
강남구,127.06061,37.48259
강남구,127.07221,37.486977
강남구,127.07297,37.487545
강남구,127.05865,37.484375
강남구,127.065414,37.488968
강남구,127.05387,37.480602
강남구,127.05786,37.476566
강남구,127.06192,37.481388
강남구,127.05836,37.47675
강남구,127.0563,37.47882
강남구,127.07373,37.488953
강남구,127.063515,37.480167
강남구,127.067245,37.48653
강남구,127.04132,37.488976
강남구,127.104675,37.48455
강남구,127.07579,37.492226
강남구,127.11636,37.46569
강남구,127.11884,37.467022
강남구,127.02415,37.505775
강남구,127.05724,37.4858
강남구,127.03766,37.50858
강남구,127.06476,37.51483
강남구,127.052216,37.47177
강남구,127.05378,37.494675
강남구,127.10684,37.464672
강남구,127.078896,37.493233
강남구,127.05961,37.492577
강남구,127.06428,37.492786
강남구,127.06408,37.49246
강남구,127.05546,37.474434
강남구,127.05344,37.49475
강남구,127.056526,37.491585
강남구,127.05655,37.49118
강남구,127.03333,37.522114
강남구,127.05177,37.500908
강남구,127.05858,37.49256
강남구,127.09538,37.472443
강남구,127.10617,37.475124
강남구,127.10729,37.47566
강남구,127.10768,37.476097
강남구,127.04104,37.49154
강남구,127.04896,37.488144
강남구,127.10164,37.47341
강남구,127.05901,37.51414
강남구,127.06236,37.51439
강남구,127.08265,37.489147
강남구,127.05183,37.51238
강남구,127.041794,37.490055
강남구,127.03111,37.50624
강남구,127.05205,37.51578
강남구,127.035164,37.517326
강남구,127.03478,37.515358
강남구,127.051216,37.505447
강남구,127.10996,37.464657
강남구,127.10783,37.463577
강남구,127.107864,37.468945
강남구,127.09156,37.470394
강남구,127.036064,37.51576
강남구,127.093765,37.48432
강남구,127.05247,37.489735
강남구,127.03884,37.507988
강남구,127.06408,37.4837
강남구,127.06356,37.483555
강남구,127.0891,37.483864
강남구,127.03354,37.525646
강남구,127.02609,37.505135
강남구,127.03975,37.509224
강남구,127.04735,37.49945
강남구,127.04426,37.499805
강남구,127.0746,37.488476
강남구,127.02347,37.511852
강남구,127.08049,37.49119
강남구,127.05689,37.483173
강남구,127.05708,37.483715
강남구,127.05499,37.476982
강남구,127.050804,37.48701
강남구,127.09858,37.465767
강남구,127.06326,37.499447
강남구,127.06697,37.495766
강남구,127.07958,37.48247
강남구,127.085976,37.483383
강남구,127.08328,37.48512
강남구,127.087685,37.490654
강남구,127.0356,37.514328
강남구,127.1044,37.482655
강남구,127.076164,37.49849
강남구,127.09335,37.484528
강남구,127.05579,37.507835
강남구,127.05422,37.480858
강남구,127.07196,37.49725
강남구,127.071396,37.496677
강남구,127.043045,37.51281
강남구,127.0546,37.510227
강남구,127.052826,37.482265
강남구,127.06149,37.504074
강남구,127.0365,37.515522
강남구,127.032104,37.511448
강남구,127.049965,37.502743
강남구,127.02576,37.504635
강남구,127.02579,37.50236
강남구,127.04204,37.51552
강남구,127.03797,37.485252
강남구,127.03281,37.487724
강남구,127.04236,37.48356
강남구,127.06812,37.501358
강남구,127.05256,37.475273
강남구,127.041435,37.486546
강남구,127.02272,37.523914
강남구,127.02272,37.523914
강남구,127.02272,37.523914
강남구,127.02278,37.52394
강남구,127.02278,37.52394
강남구,127.03065,37.5306
강남구,127.03065,37.5306
강남구,127.03577,37.52729
강남구,127.03577,37.52729
강남구,127.03577,37.52729
강남구,127.03577,37.52729
강남구,127.03577,37.52729
강남구,127.03577,37.52729
강남구,127.03577,37.52729
강남구,127.03577,37.52729
강남구,127.03577,37.52729
강남구,127.02362,37.52018
강남구,127.036064,37.524654
강남구,127.03593,37.5242
강남구,127.03872,37.5248
강남구,127.038956,37.526752
강남구,127.03908,37.52587
강남구,127.03427,37.525314
강남구,127.03753,37.52634
강남구,127.03809,37.527534
강남구,127.028534,37.511475
강남구,127.02853,37.51144
강남구,127.02853,37.51144
강남구,127.02853,37.51144
강남구,127.02853,37.51144
강남구,127.02853,37.51144
강남구,127.025955,37.51618
강남구,127.026695,37.515774
강남구,127.02501,37.516003
강남구,127.02421,37.514477
강남구,127.0236,37.515484
강남구,127.02569,37.507973
강남구,127.02595,37.507607
강남구,127.03715,37.517155
강남구,127.03721,37.517235
강남구,127.03721,37.517235
강남구,127.04062,37.51739
강남구,127.04334,37.52567
강남구,127.045204,37.525967
강남구,127.04442,37.525455
강남구,127.04929,37.525036
강남구,127.04929,37.52509
강남구,127.04929,37.52509
강남구,127.04929,37.52509
강남구,127.04929,37.52509
강남구,127.04929,37.52509
강남구,127.04929,37.52509
강남구,127.04643,37.51905
강남구,127.04643,37.51905
강남구,127.06261,37.514317
강남구,127.06261,37.514317
강남구,127.06261,37.514317
강남구,127.06267,37.51437
강남구,127.06267,37.51437
강남구,127.06267,37.51437
강남구,127.06267,37.51437
강남구,127.06267,37.51437
강남구,127.06267,37.51437
강남구,127.06267,37.51437
강남구,127.06267,37.51437
강남구,127.05208,37.515972
강남구,127.04746,37.51752
강남구,127.04746,37.51752
강남구,127.04746,37.51752
강남구,127.04746,37.51752
강남구,127.04746,37.51752
강남구,127.04746,37.51752
강남구,127.04746,37.51752
강남구,127.04746,37.51752
강남구,127.04746,37.51752
강남구,127.04746,37.51752
강남구,127.04746,37.51752
강남구,127.04746,37.51752
강남구,127.04746,37.51752
강남구,127.04746,37.51752
강남구,127.04746,37.51752
강남구,127.04746,37.51752
강남구,127.04746,37.51752
강남구,127.04746,37.51752
강남구,127.04746,37.51752
강남구,127.04746,37.51752
강남구,127.04746,37.51752
강남구,127.04746,37.51752
강남구,127.04746,37.51752
강남구,127.04746,37.51752
강남구,127.04746,37.51752
강남구,127.04746,37.51752
강남구,127.04746,37.51752
강남구,127.04746,37.51752
강남구,127.04746,37.51752
강남구,127.04746,37.51752
강남구,127.04746,37.51752
강남구,127.04746,37.51752
강남구,127.04746,37.51752
강남구,127.04746,37.51752
강남구,127.04746,37.51752
강남구,127.04746,37.51752
강남구,127.04746,37.51752
강남구,127.04746,37.51752
강남구,127.04746,37.51752
강남구,127.04746,37.51752
강남구,127.04746,37.51752
강남구,127.04746,37.51752
강남구,127.04746,37.51752
강남구,127.04746,37.51752
강남구,127.04746,37.51752
강남구,127.04746,37.51752
강남구,127.04746,37.51752
강남구,127.04746,37.51752
강남구,127.04746,37.51752
강남구,127.04746,37.51752
강남구,127.04746,37.51752
강남구,127.04746,37.51752
강남구,127.04746,37.51752
강남구,127.04746,37.51752
강남구,127.04746,37.51752
강남구,127.04746,37.51752
강남구,127.04746,37.51752
강남구,127.04746,37.51752
강남구,127.04746,37.51752
강남구,127.04746,37.51752
강남구,127.04746,37.51752
강남구,127.04746,37.51752
강남구,127.04746,37.51752
강남구,127.04746,37.51752
강남구,127.04746,37.51752
강남구,127.04746,37.51752
강남구,127.04746,37.51752
강남구,127.04746,37.51752
강남구,127.04746,37.51752
강남구,127.04746,37.51752
강남구,127.04746,37.51752
강남구,127.04746,37.51752
강남구,127.04746,37.51752
강남구,127.04746,37.51752
강남구,127.04746,37.51752
강남구,127.04746,37.51752
강남구,127.04746,37.51752
강남구,127.04746,37.51752
강남구,127.04746,37.51752
강남구,127.04746,37.51752
강남구,127.04221,37.516434
강남구,127.04221,37.516434
강남구,127.04221,37.516434
강남구,127.04221,37.51626
강남구,127.04221,37.51626
강남구,127.04221,37.51626
강남구,127.04221,37.51626
강남구,127.04221,37.51626
강남구,127.04221,37.51626
강남구,127.04221,37.51626
강남구,127.04221,37.51626
강남구,127.04221,37.51626
강남구,127.04221,37.51626
강남구,127.04221,37.51626
강남구,127.04601,37.511154
강남구,127.04601,37.511154
강남구,127.04591,37.511158
강남구,127.04591,37.511158
강남구,127.04591,37.511158
강남구,127.04591,37.511158
강남구,127.04591,37.511158
강남구,127.04591,37.511158
강남구,127.04591,37.511158
강남구,127.04591,37.511158
강남구,127.05946,37.489643
강남구,127.05677,37.493233
강남구,127.05678,37.493286
강남구,127.05678,37.493286
강남구,127.05678,37.493286
강남구,127.05678,37.493286
강남구,127.05678,37.493286
강남구,127.06425,37.49385
강남구,127.06425,37.49385
강남구,127.06425,37.49385
강남구,127.06425,37.49385
강남구,127.06425,37.49385
강남구,127.06425,37.49385
강남구,127.06425,37.49385
강남구,127.06425,37.49385
강남구,127.06425,37.49385
강남구,127.06425,37.49385
강남구,127.06425,37.49385
강남구,127.06425,37.49385
강남구,127.06425,37.49385
강남구,127.06425,37.49385
강남구,127.06425,37.49385
강남구,127.07135,37.49382
강남구,127.064156,37.50229
강남구,127.064156,37.50229
강남구,127.0643,37.502388
강남구,127.0643,37.502388
강남구,127.0643,37.502388
강남구,127.0643,37.502388
강남구,127.0643,37.502388
강남구,127.0643,37.502388
강남구,127.0643,37.502388
강남구,127.06696,37.499928
강남구,127.06696,37.499928
강남구,127.06696,37.499928
강남구,127.057884,37.499676
강남구,127.05787,37.499763
강남구,127.05787,37.499763
강남구,127.05787,37.499763
강남구,127.05787,37.499763
강남구,127.03322,37.495373
강남구,127.03322,37.495163
강남구,127.03322,37.495163
강남구,127.03322,37.495163
강남구,127.03322,37.495163
강남구,127.03322,37.495163
강남구,127.03322,37.495163
강남구,127.03322,37.495163
강남구,127.03322,37.495163
강남구,127.03201,37.49646
강남구,127.041,37.508293
강남구,127.04677,37.495975
강남구,127.04677,37.495975
강남구,127.04679,37.49604
강남구,127.04679,37.49604
강남구,127.04679,37.49604
강남구,127.04679,37.49604
강남구,127.03893,37.488285
강남구,127.03872,37.488342
강남구,127.03872,37.488342
강남구,127.03872,37.488342
강남구,127.03872,37.488342
강남구,127.03872,37.488342
강남구,127.03872,37.488342
강남구,127.0383,37.490845
강남구,127.0383,37.490845
강남구,127.0383,37.490845
강남구,127.04643,37.483707
강남구,127.04643,37.483707
강남구,127.04645,37.483646
강남구,127.04645,37.483646
강남구,127.04645,37.483646
강남구,127.04645,37.483646
강남구,127.04645,37.483646
강남구,127.04645,37.483646
강남구,127.04645,37.483646
강남구,127.05553,37.482834
강남구,127.05553,37.482834
강남구,127.06855,37.4897
강남구,127.06855,37.4897
강남구,127.068535,37.48981
강남구,127.068535,37.48981
강남구,127.068535,37.48981
강남구,127.068535,37.48981
강남구,127.068535,37.48981
강남구,127.068535,37.48981
강남구,127.068535,37.48981
강남구,127.05188,37.47709
강남구,127.05188,37.47709
강남구,127.05188,37.47709
강남구,127.05188,37.47709
강남구,127.05188,37.47709
강남구,127.051445,37.48404
강남구,127.05163,37.47883
강남구,127.05163,37.47883
강남구,127.05163,37.478786
강남구,127.05163,37.478786
강남구,127.08646,37.48333
강남구,127.08646,37.48333
강남구,127.08802,37.49182
강남구,127.08802,37.49182
강남구,127.08802,37.49182
강남구,127.08467,37.490135
강남구,127.08467,37.490135
강남구,127.07877,37.49603
강남구,127.073685,37.492104
강남구,127.073685,37.492104
강남구,127.07514,37.50022
강남구,127.07514,37.50022
강남구,127.10687,37.469006
강남구,127.10687,37.469006
강남구,127.10687,37.46913
강남구,127.10687,37.46913
강남구,127.10687,37.46913
강남구,127.10687,37.46913
강남구,127.10687,37.46913
강남구,127.10687,37.46913
강남구,127.10526,37.488853
강남구,127.10526,37.488853
강남구,127.10499,37.488873
강남구,127.10499,37.488873
강남구,127.08851,37.479805
강남구,127.08851,37.479805
강남구,127.08851,37.479805
강남구,127.08851,37.479805
강남구,127.08851,37.479805
강남구,127.08241,37.489708
강남구,127.03451,37.53191
강남구,127.04908,37.476254
강남구,127.026726,37.510635
강남구,127.05772,37.489162
강남구,127.06951,37.495407
강남구,127.05136,37.50191
강남구,127.045265,37.482952
강남구,127.050095,37.50629
강남구,127.046036,37.510017
강남구,127.05463,37.506863
강남구,127.0291,37.52364
강남구,127.026,37.520767
강남구,127.04572,37.505264
강남구,127.04517,37.50433
강남구,127.04021,37.504158
강남구,127.034325,37.501606
강남구,127.043945,37.50395
강남구,127.04675,37.504807
강남구,127.04874,37.505184
강남구,127.046394,37.50692
강남구,127.082664,37.492126
강남구,127.030426,37.516384
강남구,127.030426,37.516384
강남구,127.04709,37.4971
강남구,127.04709,37.4971
강남구,127.04709,37.4971
강남구,127.04709,37.4971
강남구,127.043144,37.50989
강남구,127.043144,37.50989
강남구,127.043144,37.50989
강남구,127.043144,37.50989
강남구,127.043144,37.50989
강남구,127.043144,37.50989
강남구,127.043144,37.50989
강남구,127.10028,37.491035
강남구,127.10028,37.491035
강남구,127.10028,37.491035
강남구,127.10028,37.491035
강남구,127.10028,37.491035
강남구,127.10028,37.491035
강남구,127.10517,37.487263
강남구,127.10517,37.487263
강남구,127.10517,37.487263
강남구,127.10517,37.487263
강남구,127.10517,37.487263
강남구,127.10517,37.487263
강남구,127.10517,37.487263
강남구,127.10517,37.487263
강남구,127.09021,37.492615
강남구,127.052475,37.471634
강남구,127.052475,37.471634
강남구,127.052475,37.471634
강남구,127.052475,37.471634
강남구,127.052475,37.471634
강남구,127.052475,37.471634
강남구,127.052475,37.471634
강남구,127.075096,37.493965
강남구,127.075096,37.493965
강남구,127.075096,37.493965
강남구,127.075096,37.493965
강남구,127.077736,37.494007
강남구,127.077736,37.494007
강남구,127.06649,37.512524
강남구,127.06649,37.512524
강남구,127.06644,37.512146
강남구,127.06649,37.512524
강남구,127.06649,37.512524
강남구,127.06649,37.512524
강남구,127.06644,37.512146
강남구,127.06644,37.512146
강남구,127.06644,37.512146
강남구,127.06644,37.512146
강남구,127.06644,37.512146
강남구,127.08855,37.479584
강남구,127.08855,37.479584
강남구,127.08855,37.479584
강남구,127.10691,37.46896
강남구,127.10691,37.46896
강남구,127.10691,37.46896
강남구,127.077736,37.494
강남구,127.077736,37.494
강남구,127.041985,37.509403
강남구,127.041985,37.509403
강남구,127.041985,37.509403
강남구,127.041985,37.509403
강남구,127.068214,37.50453
강남구,127.03692,37.503593
강남구,127.03692,37.503593
강남구,127.03692,37.503593
강남구,127.03692,37.503593
강남구,127.03692,37.503593
강남구,127.03692,37.503593
강남구,127.03692,37.503593
강남구,127.03692,37.503593
강남구,127.03692,37.503593
강남구,127.04235,37.50933
강남구,127.04235,37.50933
강남구,127.04235,37.50933
강남구,127.04235,37.50933
강남구,127.04235,37.50933
강남구,127.11436,37.475254
강남구,127.11365,37.472378
강남구,127.11481,37.47635
강남구,127.11594,37.472412
강남구,127.115814,37.47357
강남구,127.11481,37.47635
강남구,127.11719,37.47383
강남구,127.116,37.474506
강남구,127.116,37.474506
강남구,127.11719,37.47383
강남구,127.11422,37.471226
강동구,127.12603,37.529
강동구,127.12603,37.529
강동구,127.12603,37.529
강동구,127.12603,37.529
강동구,127.12603,37.529
강동구,127.12603,37.529
강동구,127.12603,37.529
강동구,127.12603,37.529
강동구,127.12603,37.529
강동구,127.12603,37.529
강동구,127.12603,37.529
강동구,127.12603,37.529
강동구,127.12603,37.529
강동구,127.12603,37.529
강동구,127.12603,37.529
강동구,127.12603,37.529
강동구,127.12603,37.529
강동구,127.12603,37.529
강동구,127.12603,37.529
강동구,127.12603,37.529
강동구,127.12603,37.529
강동구,127.14903,37.537003
강동구,127.17398,37.564034
강동구,127.17325,37.549404
강동구,127.17237,37.55337
강동구,127.17393,37.566013
강동구,127.17381,37.565884
강동구,127.17543,37.56403
강동구,127.17772,37.56227
강동구,127.17374,37.55734
강동구,127.16832,37.550438
강동구,127.15219,37.549053
강동구,127.15378,37.55937
강동구,127.15508,37.555
강동구,127.165764,37.560146
강동구,127.15814,37.555687
강동구,127.15652,37.560448
강동구,127.152596,37.53904
강동구,127.153015,37.53918
강동구,127.14203,37.53365
강동구,127.13652,37.527588
강동구,127.14818,37.536102
강동구,127.152176,37.55485
강동구,127.1493,37.54835
강동구,127.14945,37.55479
강동구,127.14947,37.554523
강동구,127.14359,37.528843
강동구,127.16755,37.545788
강동구,127.164444,37.556587
강동구,127.16332,37.54598
강동구,127.17236,37.54664
강동구,127.14658,37.55479
강동구,127.13132,37.554615
강동구,127.14212,37.54298
강동구,127.14465,37.55772
강동구,127.13932,37.554558
강동구,127.12846,37.527172
강동구,127.15591,37.547817
강동구,127.17099,37.559757
강동구,127.126175,37.54587
강동구,127.12482,37.54292
강동구,127.17972,37.55956
강동구,127.1799,37.561718
강동구,127.16837,37.550495
강동구,127.16837,37.550495
강동구,127.15171,37.5572
강동구,127.15171,37.5572
강동구,127.15171,37.5572
강동구,127.14091,37.554935
강동구,127.14091,37.554935
강동구,127.12375,37.530144
강동구,127.12375,37.530144
강동구,127.12375,37.530144
강동구,127.12375,37.530144
강동구,127.12375,37.530144
강동구,127.12375,37.530144
강동구,127.12375,37.530144
강동구,127.12375,37.530144
강동구,127.12375,37.530144
강동구,127.12375,37.530144
강동구,127.12375,37.530144
강동구,127.12375,37.530144
강동구,127.12375,37.530144
강동구,127.12375,37.530144
강동구,127.12375,37.530144
강동구,127.12375,37.530144
강동구,127.12375,37.530144
강동구,127.12375,37.530144
강동구,127.12375,37.530144
강동구,127.12375,37.530144
강동구,127.12375,37.530144
강동구,127.12375,37.530144
강동구,127.12375,37.530144
강동구,127.12375,37.530144
강동구,127.12375,37.530144
강동구,127.12375,37.530144
강동구,127.12375,37.530144
강동구,127.12375,37.530144
강동구,127.12375,37.530144
강동구,127.12375,37.530144
강동구,127.12375,37.530144
강동구,127.12375,37.530144
강동구,127.12375,37.530144
강동구,127.12375,37.530144
강동구,127.12375,37.530144
강동구,127.12375,37.530144
강동구,127.12375,37.530144
강동구,127.12375,37.530144
강동구,127.12375,37.530144
강동구,127.12375,37.530144
강동구,127.12375,37.530144
강동구,127.12375,37.530144
강동구,127.124306,37.52989
강동구,127.124306,37.52989
강동구,127.124306,37.52989
강동구,127.124306,37.52989
강동구,127.124306,37.52989
강동구,127.124306,37.52989
강동구,127.124306,37.52989
강동구,127.124306,37.52989
강동구,127.124306,37.52989
강동구,127.124306,37.52989
강동구,127.124306,37.52989
강동구,127.124306,37.52989
강동구,127.124306,37.52989
강동구,127.124306,37.52989
강동구,127.124306,37.52989
강동구,127.124306,37.52989
강동구,127.124306,37.52989
강동구,127.124306,37.52989
강동구,127.124306,37.52989
강동구,127.124306,37.52989
강동구,127.124306,37.52989
강동구,127.124306,37.52989
강동구,127.124306,37.52989
강동구,127.124306,37.52989
강동구,127.124306,37.52989
강동구,127.12394,37.530617
강동구,127.12394,37.530617
강동구,127.12394,37.530617
강동구,127.12394,37.530617
강동구,127.12394,37.530617
강동구,127.12394,37.530617
강동구,127.12394,37.530617
강동구,127.12363,37.530453
강동구,127.12363,37.530453
강동구,127.12363,37.530453
강동구,127.12635,37.528637
강동구,127.12635,37.528637
강동구,127.12635,37.528637
강동구,127.12635,37.528637
강동구,127.12635,37.528637
강동구,127.12635,37.528637
강동구,127.12635,37.528637
강동구,127.12635,37.528637
강동구,127.12635,37.528637
강동구,127.12635,37.528637
강동구,127.12635,37.528637
강동구,127.12635,37.528637
강동구,127.12635,37.528637
강동구,127.12635,37.528637
강동구,127.12635,37.528637
강동구,127.12635,37.528637
강동구,127.12635,37.528637
강동구,127.12635,37.528637
강동구,127.12635,37.528637
강동구,127.12635,37.528637
강동구,127.12635,37.528637
강동구,127.12635,37.528637
강동구,127.12635,37.528637
강동구,127.1256,37.529243
강동구,127.1256,37.529243
강동구,127.1256,37.529243
강동구,127.1256,37.529243
강동구,127.1256,37.529243
강동구,127.1256,37.529243
강동구,127.1256,37.529243
강동구,127.1256,37.529243
강동구,127.1256,37.529243
강동구,127.1256,37.529243
강동구,127.1256,37.529243
강동구,127.1256,37.529243
강동구,127.1256,37.529243
강동구,127.1256,37.529243
강동구,127.1256,37.529243
강동구,127.1256,37.529243
강동구,127.1256,37.529243
강동구,127.1256,37.529243
강동구,127.1256,37.529243
강동구,127.1256,37.529243
강동구,127.1256,37.529243
강동구,127.1256,37.529243
강동구,127.12292,37.53014
강동구,127.12292,37.53014
강동구,127.12292,37.53014
강동구,127.12292,37.53014
강동구,127.12292,37.53014
강동구,127.12734,37.53311
강동구,127.12722,37.53276
강동구,127.12766,37.5336
강동구,127.1278,37.533672
강동구,127.12783,37.534164
강동구,127.127945,37.534824
강동구,127.12704,37.53474
강동구,127.1282,37.53504
강동구,127.12841,37.53571
강동구,127.12703,37.535946
강동구,127.13024,37.535328
강동구,127.12934,37.535564
강동구,127.130455,37.53548
강동구,127.13042,37.53623
강동구,127.12966,37.53645
강동구,127.13128,37.535984
강동구,127.13126,37.535286
강동구,127.13407,37.527843
강동구,127.1338,37.528316
강동구,127.13439,37.528156
강동구,127.13503,37.528507
강동구,127.13465,37.52752
강동구,127.13486,37.528038
강동구,127.13508,37.52797
강동구,127.13521,37.527485
강동구,127.13534,37.527798
강동구,127.13503,37.526997
강동구,127.15216,37.535934
강동구,127.15266,37.535954
강동구,127.15336,37.535717
강동구,127.15366,37.535686
강동구,127.15385,37.535763
강동구,127.15433,37.535713
강동구,127.15457,37.53602
강동구,127.15419,37.536198
강동구,127.15363,37.536335
강동구,127.15329,37.53628
강동구,127.15288,37.536358
강동구,127.151985,37.535767
강동구,127.15183,37.53546
강동구,127.15187,37.535103
강동구,127.152534,37.53474
강동구,127.15181,37.534073
강동구,127.14834,37.53162
강동구,127.14834,37.53162
강동구,127.14834,37.53162
강동구,127.14834,37.53162
강동구,127.14834,37.53162
강동구,127.14834,37.53162
강동구,127.14834,37.53162
강동구,127.14834,37.53162
강동구,127.14834,37.53162
강동구,127.14834,37.53162
강동구,127.14834,37.53162
강동구,127.14834,37.53162
강동구,127.12574,37.54406
강동구,127.12574,37.54406
강동구,127.1222,37.55013
강동구,127.1222,37.55013
강동구,127.13252,37.562534
강동구,127.14761,37.555943
강동구,127.14761,37.555943
강동구,127.14761,37.555943
강동구,127.14761,37.555943
강동구,127.14761,37.555943
강동구,127.14761,37.555943
강동구,127.14761,37.555943
강동구,127.14761,37.555943
강동구,127.131744,37.546196
강동구,127.131744,37.546196
강동구,127.131744,37.546196
강동구,127.131744,37.546196
강동구,127.17328,37.56625
강동구,127.17328,37.56625
강동구,127.17328,37.56625
강동구,127.17328,37.56625
강동구,127.17328,37.56625
강동구,127.17328,37.56625
강동구,127.17328,37.56625
강동구,127.17328,37.56625
강동구,127.16923,37.551014
강동구,127.16923,37.551014
강동구,127.16923,37.551014
강동구,127.16923,37.551014
강동구,127.16923,37.551014
강동구,127.16923,37.551014
강동구,127.16923,37.551014
강동구,127.14622,37.549698
강동구,127.14622,37.549698
강동구,127.14622,37.549698
강동구,127.12933,37.53217
강동구,127.12933,37.53217
강동구,127.12933,37.53217
강동구,127.12933,37.53217
강동구,127.136536,37.55427
강동구,127.136536,37.55427
강동구,127.13169,37.544727
강동구,127.12815,37.530956
강동구,127.12815,37.530956
강동구,127.12567,37.52829
강동구,127.12567,37.52829
강동구,127.125305,37.5447
강동구,127.125305,37.5447
강동구,127.12559,37.52928
강동구,127.12559,37.52928
강동구,127.12559,37.52928
강동구,127.13143,37.550552
강동구,127.13143,37.550552
강동구,127.13143,37.550552
강동구,127.13143,37.550552
강동구,127.13143,37.550552
강동구,127.12872,37.535007
강동구,127.12872,37.535007
강동구,127.1222,37.55013
강동구,127.12612,37.5341
강동구,127.12612,37.5341
강동구,127.12612,37.5341
강동구,127.12612,37.5341
강동구,127.13025,37.52381
강동구,127.13025,37.52381
강동구,127.13341,37.533024
강동구,127.13341,37.533024
강동구,127.13341,37.533024
강동구,127.13341,37.533024
강동구,127.13341,37.533024
강동구,127.13341,37.533024
강동구,127.171875,37.56762
강동구,127.171875,37.56762
강동구,127.171875,37.56762
강동구,127.171875,37.56762
강동구,127.1429,37.551003
강동구,127.1429,37.551003
강동구,127.1429,37.551003
강동구,127.1429,37.551003
강동구,127.1429,37.551003
강동구,127.1429,37.551003
강동구,127.13333,37.53279
강동구,127.13333,37.53279
강동구,127.13333,37.53279
강동구,127.13333,37.53279
강동구,127.13333,37.53279
강동구,127.13333,37.53279
강동구,127.12542,37.543415
강동구,127.172165,37.556587
강동구,127.172165,37.556587
강동구,127.172165,37.556587
강동구,127.172165,37.556587
강동구,127.172165,37.556587
강동구,127.172165,37.556587
강동구,127.1738,37.56504
강동구,127.1738,37.56504
강동구,127.1738,37.56504
강동구,127.1738,37.56504
강동구,127.1738,37.56504
강동구,127.16549,37.551544
강동구,127.16549,37.551544
강동구,127.16549,37.551544
강동구,127.16549,37.551544
강동구,127.16549,37.551544
강동구,127.145966,37.549713
강동구,127.145966,37.549713
강동구,127.15132,37.546318
강동구,127.15132,37.546318
강동구,127.15132,37.546318
강동구,127.1517,37.557137
강동구,127.1517,37.557137
강동구,127.1517,37.557137
강동구,127.1517,37.557137
강동구,127.16434,37.560432
강동구,127.16434,37.560432
강동구,127.16434,37.560432
강동구,127.16434,37.560432
강동구,127.13263,37.551464
강동구,127.13263,37.551464
강동구,127.13263,37.551464
강동구,127.12721,37.551678
강동구,127.12721,37.551678
강동구,127.12721,37.551678
강동구,127.12721,37.551678
강동구,127.12721,37.551678
강동구,127.14077,37.554916
강동구,127.14077,37.554916
강동구,127.14077,37.554916
강동구,127.1368,37.54493
강동구,127.1368,37.54493
강동구,127.1368,37.54493
강동구,127.1368,37.54493
강동구,127.1368,37.54493
강동구,127.12543,37.54341
강동구,127.12543,37.54341
강동구,127.1298,37.539886
강동구,127.1298,37.539886
강동구,127.12246,37.530415
강동구,127.12246,37.530415
강동구,127.12246,37.530415
강동구,127.12246,37.530415
강동구,127.12246,37.530415
강동구,127.12953,37.532364
강동구,127.12953,37.532364
강동구,127.12953,37.532364
강동구,127.12953,37.532364
강동구,127.13288,37.525967
강동구,127.13288,37.525967
강동구,127.13288,37.525967
강동구,127.1462,37.539135
강동구,127.1462,37.539135
강동구,127.1462,37.539135
강동구,127.1462,37.539135
강동구,127.1462,37.539135
강동구,127.1462,37.539135
강동구,127.1462,37.539135
강동구,127.141945,37.533287
강동구,127.141945,37.533287
강동구,127.141945,37.533287
강동구,127.1417,37.548313
강동구,127.1417,37.548313
강동구,127.1417,37.548313
강동구,127.1417,37.548313
강동구,127.1417,37.548313
강동구,127.147064,37.560333
강동구,127.147064,37.560333
강동구,127.128525,37.552036
강동구,127.13568,37.552315
강동구,127.13568,37.552315
강동구,127.13568,37.552315
강동구,127.13568,37.552315
강동구,127.13568,37.552315
강동구,127.13568,37.552315
강동구,127.160835,37.555683
강동구,127.160835,37.555683
강동구,127.160835,37.555683
강동구,127.122856,37.530228
강동구,127.122856,37.530228
강동구,127.126366,37.544086
강동구,127.126366,37.544086
강동구,127.15338,37.53907
강북구,127.036125,37.634155
강북구,127.036125,37.634155
강북구,127.036125,37.634155
강북구,127.036125,37.634155
강북구,127.036125,37.634155
강북구,127.036125,37.634155
강북구,127.036125,37.634155
강북구,127.036125,37.634155
강북구,127.036125,37.634155
강북구,127.036125,37.634155
강북구,127.036125,37.634155
강북구,127.036125,37.634155
강북구,127.036125,37.634155
강북구,127.036125,37.634155
강북구,127.036125,37.634155
강북구,127.036125,37.634155
강북구,127.036125,37.634155
강북구,127.036125,37.634155
강북구,127.036125,37.634155
강북구,127.0112,37.61973
강북구,127.019,37.634434
강북구,127.03919,37.632107
강북구,127.03923,37.632477
강북구,127.023094,37.636974
강북구,127.02872,37.619713
강북구,127.02993,37.61376
강북구,127.03021,37.612896
강북구,127.02665,37.62487
강북구,127.02714,37.62411
강북구,127.047226,37.627014
강북구,127.04437,37.62865
강북구,127.03704,37.626625
강북구,127.03753,37.622585
강북구,127.021645,37.61442
강북구,127.02136,37.61438
강북구,127.016685,37.616177
강북구,127.01883,37.61635
강북구,127.02849,37.61706
강북구,127.0261,37.638477
강북구,127.029045,37.641243
강북구,127.02866,37.640675
강북구,127.02417,37.631226
강북구,127.024574,37.63053
강북구,127.02412,37.636658
강북구,127.02523,37.63749
강북구,127.02272,37.64036
강북구,127.01273,37.663105
강북구,127.01336,37.662045
강북구,127.010826,37.6425
강북구,127.011055,37.64231
강북구,127.04109,37.63111
강북구,127.01943,37.64509
강북구,127.03796,37.61375
강북구,127.01314,37.623367
강북구,127.011345,37.619938
강북구,127.03776,37.623547
강북구,127.03745,37.62374
강북구,127.03165,37.616554
강북구,127.01833,37.62734
강북구,127.01833,37.62734
강북구,127.0124,37.620472
강북구,127.0124,37.620472
강북구,127.00849,37.620018
강북구,127.00773,37.620914
강북구,127.00759,37.620934
강북구,127.00861,37.62042
강북구,127.00847,37.620506
강북구,127.008865,37.620438
강북구,127.00909,37.6206
강북구,127.0124,37.620472
강북구,127.0124,37.620472
강북구,127.0124,37.620472
강북구,127.02705,37.62706
강북구,127.02705,37.62706
강북구,127.02705,37.62706
강북구,127.02705,37.62706
강북구,127.02705,37.62706
강북구,127.02705,37.62706
강북구,127.02705,37.62706
강북구,127.0337,37.616116
강북구,127.0337,37.616116
강북구,127.03001,37.61831
강북구,127.03001,37.61831
강북구,127.03152,37.612885
강북구,127.032906,37.61257
강북구,127.03131,37.612423
강북구,127.032,37.612003
강북구,127.03279,37.611336
강북구,127.03453,37.620693
강북구,127.03453,37.620693
강북구,127.02389,37.618347
강북구,127.02389,37.618347
강북구,127.015656,37.617035
강북구,127.015656,37.617035
강북구,127.015656,37.617035
강북구,127.015656,37.617035
강북구,127.01749,37.61525
강북구,127.02068,37.61525
강북구,127.02068,37.63786
강북구,127.02885,37.63786
강북구,127.03314,37.640015
강북구,127.03781,37.635677
강북구,127.037125,37.636097
강북구,127.0377,37.634296
강북구,127.03874,37.632217
강북구,127.03874,37.632217
강북구,127.03874,37.632217
강북구,127.03874,37.632217
강북구,127.03874,37.632217
강북구,127.02885,37.632217
강북구,127.03874,37.632217
강북구,127.03625,37.625225
강북구,127.0378,37.63053
강북구,127.0378,37.63053
강북구,127.0396,37.629436
강북구,127.03871,37.629105
강북구,127.0378,37.63053
강북구,127.0378,37.63053
강북구,127.03625,37.625225
강북구,127.03625,37.625225
강북구,127.03908,37.62873
강북구,127.03908,37.62873
강북구,127.03908,37.62873
강북구,127.03908,37.62873
강북구,127.03908,37.62873
강북구,127.03908,37.62873
강북구,127.033264,37.624985
강북구,127.04659,37.625877
강북구,127.04659,37.625877
강북구,127.017586,37.630077
강북구,127.017586,37.630077
강북구,127.017586,37.630077
강북구,127.017586,37.630077
강북구,127.01715,37.63344
강북구,127.01715,37.63344
강북구,127.017586,37.630077
강북구,127.019966,37.644665
강북구,127.019966,37.644665
강북구,127.02211,37.647858
강북구,127.01978,37.648655
강북구,127.02562,37.63969
강북구,127.02562,37.63969
강북구,127.02562,37.63969
강북구,127.02562,37.63969
강북구,127.02562,37.63969
강북구,127.02562,37.63969
강북구,127.02562,37.63969
강북구,127.02562,37.63969
강북구,127.02562,37.63969
강북구,127.02562,37.63969
강북구,127.02562,37.63969
강북구,127.02562,37.63969
강북구,127.02562,37.63969
강북구,127.02562,37.63969
강북구,127.02562,37.63969
강북구,127.02562,37.63969
강북구,127.02562,37.63969
강북구,127.02562,37.63969
강북구,127.02562,37.63969
강북구,127.02562,37.63969
강북구,127.02562,37.63969
강북구,127.02562,37.63969
강북구,127.02562,37.63969
강북구,127.02562,37.63969
강북구,127.02562,37.63969
강북구,127.02562,37.63969
강북구,127.02562,37.63969
강북구,127.02562,37.63969
강북구,127.02308,37.638714
강북구,127.02308,37.638714
강북구,127.02308,37.638714
강북구,127.02562,37.63969
강북구,127.02562,37.63969
강북구,127.02562,37.63969
강북구,127.027824,37.641247
강북구,127.02134,37.64037
강북구,127.02966,37.64314
강북구,127.025696,37.639168
강북구,127.025696,37.639168
강북구,127.02562,37.63969
강북구,127.0119,37.64796
강북구,127.0119,37.64796
강북구,127.013626,37.64472
강북구,127.00931,37.647236
강북구,127.00931,37.647236
강북구,127.007484,37.64645
강북구,127.01408,37.64064
강북구,127.01408,37.64064
강북구,127.01408,37.64064
강북구,127.010666,37.64151
강북구,127.010666,37.64151
강북구,127.01336,37.64079
강북구,127.01336,37.64079
강북구,127.01336,37.64079
강북구,127.01336,37.64079
강북구,127.01336,37.64079
강북구,127.01408,37.64064
강북구,127.01408,37.64064
강북구,127.01408,37.64064
강북구,127.01408,37.64064
강북구,127.01408,37.64064
강북구,127.015,37.644615
강북구,127.016045,37.63609
강북구,127.01336,37.64079
강북구,127.01336,37.64079
강북구,127.03362,37.639374
강북구,127.02742,37.64486
강북구,127.03335,37.640137
강북구,127.031654,37.64203
강북구,127.04968,37.624454
강북구,127.01221,37.65362
강북구,127.01218,37.652897
강북구,127.01219,37.652153
강북구,127.040665,37.62204
강북구,127.040665,37.62204
강북구,127.040665,37.62204
강북구,127.040665,37.62204
강북구,127.040665,37.62204
강북구,127.040665,37.62204
강북구,127.040665,37.62204
강북구,127.040665,37.62204
강북구,127.040665,37.62204
강북구,127.02507,37.635784
강북구,127.03988,37.629753
강북구,127.00954,37.66223
강북구,127.02608,37.623726
강북구,127.04629,37.626297
강북구,127.02374,37.62688
강북구,127.02374,37.62688
강북구,127.02374,37.62688
강북구,127.04523,37.62088
강북구,127.04523,37.62088
강북구,127.01863,37.63408
강북구,127.01863,37.63408
강북구,127.02981,37.637653
강북구,127.02981,37.637653
강북구,127.02981,37.637653
강북구,127.02981,37.637653
강북구,127.046265,37.6263
강북구,127.046265,37.6263
강북구,127.046265,37.6263
강북구,127.041145,37.62966
강북구,127.041145,37.62966
강북구,127.041145,37.62966
강북구,127.041145,37.62966
강북구,127.041145,37.62966
강북구,127.03819,37.632446
강북구,127.03819,37.632446
강북구,127.03819,37.632446
강북구,127.01958,37.6331
강북구,127.01958,37.6331
강북구,127.01958,37.6331
강북구,127.03321,37.613785
강북구,127.03321,37.613785
강북구,127.00731,37.632645
강북구,127.02682,37.640358
강북구,127.00704,37.63794
강북구,127.00704,37.63794
강북구,127.00704,37.63794
강북구,127.01051,37.644745
강북구,127.01051,37.644745
강북구,127.046616,37.62576
강북구,127.03953,37.629333
강북구,127.03953,37.629333
강북구,127.03953,37.629333
강북구,127.03953,37.629333
강북구,127.01567,37.645798
강북구,127.03113,37.61629
강북구,127.01758,37.640945
강북구,127.01758,37.640945
강북구,127.03982,37.628838
강북구,127.02118,37.641838
강북구,127.02415,37.632217
강북구,127.0227,37.62745
강서구,126.850464,37.556602
강서구,126.849236,37.55691
강서구,126.84044,37.56482
강서구,126.840096,37.564888
강서구,126.83645,37.536827
강서구,126.836296,37.537178
강서구,126.84764,37.56948
강서구,126.85564,37.56418
강서구,126.863304,37.55981
강서구,126.85513,37.564243
강서구,126.86384,37.55972
강서구,126.84965,37.56848
강서구,126.85397,37.56145
강서구,126.85339,37.562164
강서구,126.856606,37.56046
강서구,126.84381,37.570507
강서구,126.81652,37.57562
강서구,126.85578,37.554756
강서구,126.85409,37.555237
강서구,126.819496,37.549683
강서구,126.86172,37.55723
강서구,126.8026,37.575195
강서구,126.80222,37.575127
강서구,126.80035,37.578457
강서구,126.838165,37.56991
강서구,126.80818,37.559086
강서구,126.811386,37.564747
강서구,126.81631,37.56322
강서구,126.81676,37.562458
강서구,126.8158,37.560726
강서구,126.817154,37.560738
강서구,126.81159,37.57272
강서구,126.865486,37.555447
강서구,126.85322,37.56559
강서구,126.83823,37.544064
강서구,126.84311,37.56261
강서구,126.86865,37.549004
강서구,126.8676,37.54941
강서구,126.86156,37.552628
강서구,126.86053,37.552864
강서구,126.83187,37.55935
강서구,126.83171,37.559284
강서구,126.82642,37.55491
강서구,126.82606,37.554787
강서구,126.82641,37.55747
강서구,126.82675,37.557438
강서구,126.827515,37.559696
강서구,126.82604,37.559692
강서구,126.83916,37.55849
강서구,126.83761,37.558575
강서구,126.83762,37.556038
강서구,126.79856,37.582493
강서구,126.822624,37.57308
강서구,126.816376,37.568966
강서구,126.80959,37.56137
강서구,126.81107,37.561348
강서구,126.81621,37.55452
강서구,126.816925,37.57287
강서구,126.84157,37.568977
강서구,126.87332,37.550236
강서구,126.877625,37.54912
강서구,126.86972,37.553047
강서구,126.875885,37.547096
강서구,126.87506,37.546856
강서구,126.821526,37.546066
강서구,126.82113,37.54596
강서구,126.8365,37.54924
강서구,126.8455,37.557854
강서구,126.843254,37.557873
강서구,126.798874,37.56243
강서구,126.83448,37.54015
강서구,126.845276,37.54609
강서구,126.862144,37.545143
강서구,126.86351,37.532764
강서구,126.84043,37.537975
강서구,126.8367,37.55312
강서구,126.83637,37.55329
강서구,126.82781,37.565052
강서구,126.82749,37.565052
강서구,126.82844,37.55937
강서구,126.83456,37.558746
강서구,126.82594,37.56678
강서구,126.82655,37.566956
강서구,126.82276,37.54932
강서구,126.836685,37.558853
강서구,126.82763,37.567184
강서구,126.827866,37.569912
강서구,126.81192,37.555637
강서구,126.86831,37.549664
강서구,126.86831,37.549664
강서구,126.86831,37.549664
강서구,126.86831,37.549664
강서구,126.86831,37.549664
강서구,126.86831,37.549664
강서구,126.84108,37.535477
강서구,126.86831,37.549664
강서구,126.86831,37.549664
강서구,126.868484,37.549507
강서구,126.86821,37.54958
강서구,126.86833,37.549698
강서구,126.87092,37.553818
강서구,126.87092,37.553818
강서구,126.85896,37.556057
강서구,126.85896,37.556057
강서구,126.87102,37.55365
강서구,126.873314,37.54729
강서구,126.81685,37.57051
강서구,126.81685,37.57051
강서구,126.86691,37.553555
강서구,126.87305,37.547234
강서구,126.85896,37.556057
강서구,126.86578,37.557873
강서구,126.8678,37.556496
강서구,126.87106,37.555424
강서구,126.86966,37.554333
강서구,126.87007,37.552807
강서구,126.87275,37.551483
강서구,126.87429,37.552124
강서구,126.86649,37.55298
강서구,126.875175,37.550232
강서구,126.87588,37.549435
강서구,126.87722,37.55135
강서구,126.87321,37.549545
강서구,126.87159,37.549004
강서구,126.87092,37.55047
강서구,126.87013,37.549767
강서구,126.86868,37.550213
강서구,126.86798,37.551678
강서구,126.868065,37.55228
강서구,126.86649,37.55298
강서구,126.86559,37.5522
강서구,126.87138,37.55159
강서구,126.87227,37.55087
강서구,126.8734,37.550255
강서구,126.87187,37.55293
강서구,126.87002,37.55125
강서구,126.86867,37.55795
강서구,126.87449,37.54827
강서구,126.876564,37.55046
강서구,126.86565,37.555443
강서구,126.8643,37.557163
강서구,126.86832,37.549618
강서구,126.86832,37.549618
강서구,126.86569,37.560055
강서구,126.87345,37.547325
강서구,126.87345,37.547325
강서구,126.86569,37.560055
강서구,126.86569,37.560055
강서구,126.87179,37.556442
강서구,126.84964,37.550938
강서구,126.86245,37.542885
강서구,126.86245,37.542885
강서구,126.85897,37.555756
강서구,126.85488,37.55917
강서구,126.85718,37.558693
강서구,126.85531,37.55689
강서구,126.85778,37.5568
강서구,126.85849,37.556988
강서구,126.85727,37.55494
강서구,126.8591,37.555855
강서구,126.86165,37.554707
강서구,126.86301,37.55407
강서구,126.85783,37.554916
강서구,126.86218,37.55567
강서구,126.8635,37.55466
강서구,126.86374,37.553345
강서구,126.863716,37.55237
강서구,126.86149,37.55337
강서구,126.85986,37.55388
강서구,126.86522,37.55431
강서구,126.86134,37.5535
강서구,126.86063,37.55323
강서구,126.85512,37.55532
강서구,126.85512,37.55532
강서구,126.85451,37.555458
강서구,126.85451,37.555458
강서구,126.86329,37.54914
강서구,126.85378,37.55753
강서구,126.85892,37.555805
강서구,126.85892,37.555805
강서구,126.85892,37.555805
강서구,126.85048,37.552795
강서구,126.85048,37.552795
강서구,126.85048,37.552795
강서구,126.85048,37.552795
강서구,126.86831,37.549664
강서구,126.862144,37.5464
강서구,126.86222,37.546597
강서구,126.86239,37.54636
강서구,126.847916,37.55897
강서구,126.847916,37.55897
강서구,126.86254,37.542637
강서구,126.85048,37.552795
강서구,126.85048,37.552795
강서구,126.85048,37.552795
강서구,126.85048,37.552795
강서구,126.85048,37.552795
강서구,126.85048,37.552795
강서구,126.86212,37.551052
강서구,126.8606,37.55141
강서구,126.860916,37.550488
강서구,126.85922,37.550213
강서구,126.859146,37.55081
강서구,126.85767,37.550274
강서구,126.862526,37.550495
강서구,126.86283,37.549477
강서구,126.86085,37.549385
강서구,126.860634,37.54878
강서구,126.86236,37.547802
강서구,126.860695,37.54599
강서구,126.85969,37.54719
강서구,126.85908,37.546387
강서구,126.859116,37.54538
강서구,126.86373,37.55018
강서구,126.86281,37.537956
강서구,126.86265,37.53619
강서구,126.86303,37.535587
강서구,126.86168,37.549618
강서구,126.862404,37.5491
강서구,126.86134,37.547325
강서구,126.859474,37.54743
강서구,126.862114,37.54243
강서구,126.862495,37.542645
강서구,126.86227,37.546494
강서구,126.847916,37.55897
강서구,126.847565,37.544247
강서구,126.847565,37.544247
강서구,126.84782,37.558872
강서구,126.84237,37.56723
강서구,126.84086,37.56644
강서구,126.84165,37.56559
강서구,126.84032,37.56196
강서구,126.84434,37.565598
강서구,126.84892,37.56419
강서구,126.84536,37.55993
강서구,126.84494,37.559162
강서구,126.84378,37.55989
강서구,126.84349,37.55867
강서구,126.84153,37.559185
강서구,126.8417,37.56018
강서구,126.8461,37.56276
강서구,126.84854,37.563213
강서구,126.85204,37.56157
강서구,126.8475,37.55928
강서구,126.84777,37.55974
강서구,126.84745,37.558266
강서구,126.84938,37.558323
강서구,126.84894,37.55787
강서구,126.8508,37.55716
강서구,126.85169,37.558716
강서구,126.85304,37.56118
강서구,126.85465,37.560604
강서구,126.841,37.544556
강서구,126.84167,37.54455
강서구,126.84988,37.5571
강서구,126.85047,37.556885
강서구,126.84941,37.557262
강서구,126.84516,37.558155
강서구,126.84516,37.558155
강서구,126.83882,37.558815
강서구,126.84785,37.558907
강서구,126.85055,37.55967
강서구,126.85055,37.55967
강서구,126.85055,37.55967
강서구,126.85055,37.55967
강서구,126.85055,37.55967
강서구,126.85055,37.55967
강서구,126.85055,37.55967
강서구,126.85055,37.55967
강서구,126.85055,37.55967
강서구,126.85055,37.55967
강서구,126.84408,37.54277
강서구,126.843346,37.542866
강서구,126.8415,37.53069
강서구,126.8415,37.53069
강서구,126.847565,37.54399
강서구,126.8441,37.543365
강서구,126.837494,37.531452
강서구,126.84783,37.54707
강서구,126.85037,37.54617
강서구,126.849014,37.540585
강서구,126.84874,37.547188
강서구,126.84822,37.54655
강서구,126.847786,37.54599
강서구,126.84719,37.545204
강서구,126.846634,37.54458
강서구,126.84583,37.543888
강서구,126.84505,37.543297
강서구,126.84438,37.542835
강서구,126.843765,37.542404
강서구,126.84294,37.54183
강서구,126.842384,37.541252
강서구,126.84177,37.5405
강서구,126.84787,37.54897
강서구,126.84913,37.54778
강서구,126.851456,37.546154
강서구,126.8488,37.544273
강서구,126.84551,37.544643
강서구,126.8451,37.543903
강서구,126.8441,37.544224
강서구,126.84694,37.54266
강서구,126.84589,37.542118
강서구,126.846924,37.541668
강서구,126.84806,37.54268
강서구,126.84833,37.541595
강서구,126.84852,37.540302
강서구,126.84961,37.54216
강서구,126.8506,37.541523
강서구,126.851,37.5407
강서구,126.85139,37.54007
강서구,126.85162,37.539017
강서구,126.84883,37.539032
강서구,126.84802,37.539085
강서구,126.84706,37.538746
강서구,126.846596,37.539406
강서구,126.84645,37.54012
강서구,126.84508,37.53868
강서구,126.84458,37.54
강서구,126.843056,37.53947
강서구,126.844666,37.53737
강서구,126.84699,37.539707
강서구,126.85046,37.53864
강서구,126.8471,37.546463
강서구,126.84609,37.54664
강서구,126.84765,37.544014
강서구,126.84445,37.5379
강서구,126.84445,37.5379
강서구,126.84445,37.5379
강서구,126.84445,37.5379
강서구,126.84445,37.5379
강서구,126.84108,37.535477
강서구,126.85257,37.563313
강서구,126.84105,37.5355
강서구,126.8415,37.53069
강서구,126.8415,37.53069
강서구,126.85445,37.53205
강서구,126.85445,37.53205
강서구,126.841576,37.53033
강서구,126.84158,37.530506
강서구,126.84116,37.540554
강서구,126.83423,37.539253
강서구,126.83473,37.538513
강서구,126.8351,37.53779
강서구,126.835884,37.539547
강서구,126.836205,37.5386
강서구,126.83694,37.537975
강서구,126.83923,37.538937
강서구,126.841,37.539917
강서구,126.84179,37.538635
강서구,126.83926,37.536175
강서구,126.83982,37.535206
강서구,126.84144,37.535324
강서구,126.843,37.534534
강서구,126.83986,37.53373
강서구,126.84213,37.534107
강서구,126.83895,37.53047
강서구,126.83903,37.53183
강서구,126.839455,37.53234
강서구,126.8421,37.533325
강서구,126.84429,37.53377
강서구,126.8438,37.53318
강서구,126.84448,37.53223
강서구,126.84583,37.531876
강서구,126.84325,37.5318
강서구,126.84222,37.53215
강서구,126.84133,37.532043
강서구,126.839714,37.531166
강서구,126.838486,37.530804
강서구,126.83895,37.53047
강서구,126.840546,37.530632
강서구,126.8425,37.530674
강서구,126.84543,37.530922
강서구,126.84644,37.53116
강서구,126.84509,37.530067
강서구,126.84291,37.52925
강서구,126.84141,37.528954
강서구,126.84152,37.52841
강서구,126.84014,37.528904
강서구,126.84017,37.529366
강서구,126.84433,37.5283
강서구,126.84578,37.528427
강서구,126.847305,37.528774
강서구,126.845665,37.533226
강서구,126.846016,37.532646
강서구,126.84648,37.53188
강서구,126.84701,37.53101
강서구,126.83842,37.5337
강서구,126.83879,37.533085
강서구,126.840355,37.532333
강서구,126.843025,37.528477
강서구,126.8448,37.53052
강서구,126.84607,37.530605
강서구,126.84669,37.53064
강서구,126.83624,37.538116
강서구,126.84484,37.53206
강서구,126.84141,37.53121
강서구,126.84058,37.529594
강서구,126.840294,37.53795
강서구,126.83625,37.53726
강서구,126.83668,37.537342
강서구,126.84158,37.530464
강서구,126.84145,37.53814
강서구,126.84145,37.53814
강서구,126.84145,37.53814
강서구,126.84145,37.53814
강서구,126.84145,37.53814
강서구,126.84145,37.53814
강서구,126.85445,37.53205
강서구,126.838326,37.542736
강서구,126.838326,37.542736
강서구,126.85436,37.531796
강서구,126.85459,37.531815
강서구,126.85264,37.53094
강서구,126.85657,37.53157
강서구,126.85763,37.531704
강서구,126.85173,37.53659
강서구,126.85311,37.536182
강서구,126.85392,37.537052
강서구,126.85115,37.535084
강서구,126.85424,37.53526
강서구,126.85376,37.53438
강서구,126.85233,37.534367
강서구,126.8538,37.53355
강서구,126.851944,37.533443
강서구,126.85128,37.53255
강서구,126.85186,37.53187
강서구,126.85721,37.532536
강서구,126.856544,37.530773
강서구,126.85372,37.530457
강서구,126.85149,37.530167
강서구,126.851585,37.529682
강서구,126.85512,37.530098
강서구,126.85172,37.529007
강서구,126.8532,37.529167
강서구,126.85418,37.529278
강서구,126.8552,37.52942
강서구,126.85664,37.529587
강서구,126.84936,37.529385
강서구,126.85441,37.53186
강서구,126.838326,37.542736
강서구,126.838326,37.542736
강서구,126.8607,37.534554
강서구,126.8607,37.534554
강서구,126.83844,37.54243
강서구,126.83506,37.544666
강서구,126.835175,37.54471
강서구,126.833336,37.54789
강서구,126.83694,37.54503
강서구,126.83753,37.544376
강서구,126.838264,37.543617
강서구,126.83898,37.542946
강서구,126.839836,37.54206
강서구,126.839325,37.541477
강서구,126.83868,37.541283
강서구,126.83766,37.541023
강서구,126.83317,37.54739
강서구,126.834854,37.54708
강서구,126.835495,37.546047
강서구,126.83485,37.54432
강서구,126.83633,37.544846
강서구,126.836205,37.544243
강서구,126.83698,37.544315
강서구,126.83752,37.54369
강서구,126.83642,37.543377
강서구,126.83524,37.54366
강서구,126.83485,37.542526
강서구,126.837234,37.542713
강서구,126.838356,37.542812
강서구,126.83927,37.542034
강서구,126.83815,37.541645
강서구,126.836716,37.54128
강서구,126.835304,37.54149
강서구,126.83443,37.54098
강서구,126.83453,37.54074
강서구,126.834854,37.547703
강서구,126.83597,37.54717
강서구,126.83508,37.540466
강서구,126.832245,37.5402
강서구,126.8607,37.534554
강서구,126.8607,37.534554
강서구,126.8607,37.534554
강서구,126.85006,37.551765
강서구,126.85006,37.551765
강서구,126.8605,37.534542
강서구,126.860855,37.534653
강서구,126.84503,37.566242
강서구,126.855736,37.536785
강서구,126.85565,37.53614
강서구,126.85768,37.53884
강서구,126.858894,37.53689
강서구,126.86075,37.536232
강서구,126.85685,37.53558
강서구,126.85604,37.535023
강서구,126.85796,37.534573
강서구,126.857025,37.53471
강서구,126.86005,37.533627
강서구,126.85873,37.53547
강서구,126.859886,37.534393
강서구,126.86173,37.53502
강서구,126.86185,37.53338
강서구,126.8629,37.53454
강서구,126.858246,37.53323
강서구,126.85755,37.53338
강서구,126.85811,37.53131
강서구,126.8603,37.531178
강서구,126.86196,37.531776
강서구,126.86313,37.53184
강서구,126.85833,37.53001
강서구,126.85938,37.530155
강서구,126.86202,37.53024
강서구,126.863335,37.53522
강서구,126.86341,37.53432
강서구,126.863525,37.533035
강서구,126.86315,37.532402
강서구,126.86217,37.532276
강서구,126.8616,37.532204
강서구,126.86041,37.532055
강서구,126.85929,37.531914
강서구,126.85866,37.531837
강서구,126.859184,37.53097
강서구,126.862854,37.53137
강서구,126.86077,37.534542
강서구,126.86077,37.534542
강서구,126.84964,37.550938
강서구,126.84964,37.550938
강서구,126.84964,37.550938
강서구,126.84964,37.550938
강서구,126.84964,37.550938
강서구,126.84964,37.550938
강서구,126.84964,37.550938
강서구,126.84964,37.550938
강서구,126.84964,37.550938
강서구,126.84964,37.550938
강서구,126.84964,37.550938
강서구,126.84964,37.550938
강서구,126.84964,37.550938
강서구,126.84964,37.550938
강서구,126.84964,37.550938
강서구,126.84964,37.550938
강서구,126.84964,37.550938
강서구,126.84964,37.550938
강서구,126.84964,37.550938
강서구,126.84964,37.550938
강서구,126.84964,37.550938
강서구,126.84964,37.550938
강서구,126.84964,37.550938
강서구,126.84964,37.550938
강서구,126.84964,37.550938
강서구,126.84957,37.551144
강서구,126.84928,37.550804
강서구,126.84948,37.550697
강서구,126.84977,37.551033
강서구,126.84964,37.550938
강서구,126.84964,37.550938
강서구,126.85102,37.549816
강서구,126.85102,37.549816
강서구,126.85048,37.552795
강서구,126.87092,37.553818
강서구,126.84808,37.553104
강서구,126.84832,37.53267
강서구,126.84832,37.53267
강서구,126.850006,37.551838
강서구,126.84964,37.550938
강서구,126.84964,37.550938
강서구,126.84964,37.550938
강서구,126.84964,37.550938
강서구,126.84964,37.550938
강서구,126.84964,37.550938
강서구,126.84964,37.550938
강서구,126.85102,37.549816
강서구,126.87092,37.553818
강서구,126.84964,37.550938
강서구,126.87092,37.553818
강서구,126.848366,37.553303
강서구,126.849434,37.553253
강서구,126.853714,37.55338
강서구,126.85344,37.55286
강서구,126.85304,37.55215
강서구,126.85265,37.551395
강서구,126.85199,37.550217
강서구,126.85153,37.549633
강서구,126.85061,37.554188
강서구,126.84905,37.55369
강서구,126.84576,37.55199
강서구,126.84792,37.551407
강서구,126.84892,37.552593
강서구,126.84676,37.550827
강서구,126.84673,37.54978
강서구,126.8537,37.554707
강서구,126.85253,37.553547
강서구,126.8548,37.55347
강서구,126.854225,37.552486
강서구,126.851364,37.552944
강서구,126.85212,37.551777
강서구,126.8536,37.551216
강서구,126.85362,37.549675
강서구,126.8525,37.549156
강서구,126.8531,37.54822
강서구,126.85176,37.54724
강서구,126.84982,37.54929
강서구,126.84949,37.54857
강서구,126.85312,37.554558
강서구,126.846176,37.55197
강서구,126.855675,37.551876
강서구,126.85711,37.551113
강서구,126.85242,37.549927
강서구,126.85107,37.548107
강서구,126.847626,37.550842
강서구,126.847626,37.550842
강서구,126.84185,37.54821
강서구,126.84185,37.54821
강서구,126.84838,37.53268
강서구,126.85073,37.53612
강서구,126.84692,37.532448
강서구,126.84711,37.532173
강서구,126.8473,37.531857
강서구,126.8475,37.53155
강서구,126.84766,37.531292
강서구,126.847244,37.531445
강서구,126.847,37.531845
강서구,126.84943,37.529392
강서구,126.848625,37.530754
강서구,126.849625,37.530766
강서구,126.85048,37.530838
강서구,126.84677,37.536106
강서구,126.84555,37.536987
강서구,126.848724,37.53771
강서구,126.850044,37.537388
강서구,126.84933,37.536575
강서구,126.84995,37.535496
강서구,126.849014,37.53577
강서구,126.84889,37.53471
강서구,126.847626,37.534657
강서구,126.84701,37.533558
강서구,126.85029,37.53358
강서구,126.84904,37.5321
강서구,126.84789,37.53163
강서구,126.84764,37.532055
강서구,126.848526,37.53135
강서구,126.84916,37.531055
강서구,126.85031,37.532185
강서구,126.8478,37.53562
강서구,126.8489,37.53337
강서구,126.84851,37.53269
강서구,126.84185,37.54821
강서구,126.84188,37.54821
강서구,126.84188,37.54821
강서구,126.84471,37.569447
강서구,126.84471,37.569447
강서구,126.84191,37.548054
강서구,126.84487,37.550446
강서구,126.84463,37.549465
강서구,126.84567,37.55447
강서구,126.84485,37.55609
강서구,126.84311,37.55749
강서구,126.843285,37.557453
강서구,126.83837,37.55525
강서구,126.836395,37.5525
강서구,126.83861,37.55472
강서구,126.83944,37.554638
강서구,126.840485,37.55454
강서구,126.84168,37.554413
강서구,126.846436,37.54833
강서구,126.84625,37.54812
강서구,126.84554,37.547146
강서구,126.84508,37.546406
강서구,126.84451,37.545536
강서구,126.843925,37.54471
강서구,126.84337,37.543995
강서구,126.84281,37.543358
강서구,126.842026,37.542538
강서구,126.84115,37.54205
강서구,126.837105,37.552696
강서구,126.838196,37.553047
강서구,126.83935,37.55237
강서구,126.83928,37.5535
강서구,126.84102,37.55331
강서구,126.84331,37.547626
강서구,126.84466,37.546886
강서구,126.8394,37.544468
강서구,126.83949,37.543514
강서구,126.84032,37.54261
강서구,126.84289,37.555614
강서구,126.84383,37.55739
강서구,126.84185,37.55754
강서구,126.84011,37.55722
강서구,126.84336,37.55679
강서구,126.83833,37.55077
강서구,126.83665,37.54618
강서구,126.84029,37.54514
강서구,126.84144,37.54307
강서구,126.839615,37.54823
강서구,126.839615,37.54823
강서구,126.84353,37.55039
강서구,126.84353,37.55039
강서구,126.84092,37.574516
강서구,126.84122,37.574253
강서구,126.84191,37.548054
강서구,126.85127,37.56738
강서구,126.85127,37.56738
강서구,126.84475,37.569496
강서구,126.84466,37.569386
강서구,126.838196,37.57228
강서구,126.83856,37.57234
강서구,126.83971,37.572937
강서구,126.839905,37.573025
강서구,126.8366,37.57573
강서구,126.83691,37.57449
강서구,126.837135,37.572437
강서구,126.83961,37.572
강서구,126.840706,37.570473
강서구,126.84175,37.571117
강서구,126.84192,37.57191
강서구,126.84272,37.572647
강서구,126.843056,37.57054
강서구,126.84714,37.570095
강서구,126.84845,37.56979
강서구,126.84651,37.565533
강서구,126.84503,37.566242
강서구,126.84358,37.567223
강서구,126.83821,37.572567
강서구,126.84295,37.568363
강서구,126.84752,37.56718
강서구,126.83833,37.57292
강서구,126.840034,37.57115
강서구,126.838905,37.571613
강서구,126.84863,37.565178
강서구,126.84459,37.569454
강서구,126.84459,37.569454
강서구,126.84459,37.569454
강서구,126.846924,37.571873
강서구,126.846924,37.571873
강서구,126.846924,37.571873
강서구,126.846924,37.571873
강서구,126.832115,37.57313
강서구,126.832115,37.57313
강서구,126.85257,37.563313
강서구,126.85965,37.560577
강서구,126.86055,37.561028
강서구,126.86055,37.561028
강서구,126.85124,37.567253
강서구,126.852295,37.567707
강서구,126.85188,37.568607
강서구,126.85262,37.568207
강서구,126.852844,37.567924
강서구,126.848885,37.569206
강서구,126.85473,37.565807
강서구,126.85442,37.5673
강서구,126.85202,37.563602
강서구,126.85178,37.568836
강서구,126.85121,37.564045
강서구,126.8536,37.561943
강서구,126.85127,37.567326
강서구,126.85127,37.567326
강서구,126.85965,37.560577
강서구,126.85965,37.560577
강서구,126.85965,37.560577
강서구,126.85965,37.560577
강서구,126.85965,37.560577
강서구,126.84845,37.553165
강서구,126.84845,37.553165
강서구,126.85958,37.560616
강서구,126.83314,37.553097
강서구,126.83314,37.553097
강서구,126.860535,37.561142
강서구,126.86062,37.560974
강서구,126.86139,37.56331
강서구,126.86532,37.561104
강서구,126.8654,37.55979
강서구,126.8658,37.560284
강서구,126.85566,37.56096
강서구,126.85581,37.56176
강서구,126.85998,37.5616
강서구,126.859665,37.56121
강서구,126.85783,37.5628
강서구,126.85927,37.561928
강서구,126.86143,37.563572
강서구,126.861435,37.560795
강서구,126.86409,37.55935
강서구,126.86311,37.55966
강서구,126.86152,37.55833
강서구,126.86045,37.56107
강서구,126.85963,37.560596
강서구,126.86569,37.560055
강서구,126.86217,37.56355
강서구,126.86217,37.56355
강서구,126.86569,37.560055
강서구,126.86569,37.560055
강서구,126.86569,37.560055
강서구,126.86569,37.560055
강서구,126.86569,37.560055
강서구,126.81014,37.558804
강서구,126.81014,37.558804
강서구,126.83314,37.55302
강서구,126.83318,37.55316
강서구,126.81861,37.55325
강서구,126.81864,37.552895
강서구,126.81867,37.5525
강서구,126.81872,37.55215
강서구,126.8189,37.55302
강서구,126.83698,37.555214
강서구,126.83664,37.554146
강서구,126.83617,37.552483
강서구,126.832054,37.54929
강서구,126.83162,37.550163
강서구,126.83087,37.55167
강서구,126.83508,37.55268
강서구,126.83495,37.551765
강서구,126.83501,37.55085
강서구,126.83405,37.549286
강서구,126.83311,37.55043
강서구,126.83406,37.551426
강서구,126.83274,37.551353
강서구,126.83241,37.551853
강서구,126.83205,37.55249
강서구,126.8313,37.552242
강서구,126.83046,37.551735
강서구,126.83001,37.55244
강서구,126.830185,37.553307
강서구,126.8258,37.549416
강서구,126.82592,37.548344
강서구,126.83737,37.557335
강서구,126.8374,37.55694
강서구,126.83745,37.55764
강서구,126.8359,37.549934
강서구,126.83317,37.55313
강서구,126.83317,37.55313
강서구,126.83317,37.55313
강서구,126.82052,37.546837
강서구,126.82052,37.546837
강서구,126.81014,37.558804
강서구,126.81014,37.558804
강서구,126.81014,37.558804
강서구,126.816925,37.5704
강서구,126.816925,37.5704
강서구,126.8102,37.558758
강서구,126.80972,37.561127
강서구,126.80981,37.560505
강서구,126.81009,37.559772
강서구,126.81039,37.559097
강서구,126.81077,37.558395
강서구,126.81135,37.557686
강서구,126.81186,37.557014
강서구,126.812164,37.556267
강서구,126.80979,37.55943
강서구,126.80925,37.559925
강서구,126.80935,37.559113
강서구,126.80812,37.558807
강서구,126.80982,37.558514
강서구,126.810776,37.560505
강서구,126.812195,37.560425
강서구,126.81234,37.559525
강서구,126.81223,37.558514
강서구,126.81344,37.55906
강서구,126.81448,37.55843
강서구,126.81483,37.55751
강서구,126.81371,37.554928
강서구,126.814606,37.55506
강서구,126.81483,37.55578
강서구,126.816986,37.556152
강서구,126.817,37.55469
강서구,126.818855,37.555607
강서구,126.818214,37.555042
강서구,126.81668,37.55486
강서구,126.811,37.562424
강서구,126.811,37.562424
강서구,126.84555,37.536987
강서구,126.81584,37.55442
강서구,126.81584,37.55442
강서구,126.816925,37.5704
강서구,126.816925,37.5704
강서구,126.816925,37.5704
강서구,126.816925,37.5704
강서구,126.80673,37.5667
강서구,126.80673,37.5667
강서구,126.81667,37.564667
강서구,126.81685,37.564663
강서구,126.81685,37.57051
강서구,126.81685,37.57051
강서구,126.81685,37.57051
강서구,126.8507,37.53565
강서구,126.86359,37.562397
강서구,126.80803,37.562054
강서구,126.80844,37.562054
강서구,126.8092,37.562504
강서구,126.80997,37.563072
강서구,126.810425,37.562813
강서구,126.81013,37.56206
강서구,126.8123,37.561954
강서구,126.81303,37.562614
강서구,126.811874,37.5633
강서구,126.81279,37.563763
강서구,126.814064,37.563133
강서구,126.81519,37.56311
강서구,126.815094,37.564163
강서구,126.81331,37.561302
강서구,126.81437,37.561176
강서구,126.81625,37.56265
강서구,126.81536,37.567448
강서구,126.81178,37.564995
강서구,126.811455,37.56453
강서구,126.81278,37.572495
강서구,126.81358,37.573013
강서구,126.81399,37.57238
강서구,126.815575,37.572636
강서구,126.81271,37.569874
강서구,126.812744,37.569084
강서구,126.81541,37.569138
강서구,126.815315,37.56827
강서구,126.81267,37.567265
강서구,126.81377,37.566647
강서구,126.81336,37.56568
강서구,126.81528,37.565895
강서구,126.81567,37.565083
강서구,126.81219,37.564335
강서구,126.812675,37.564247
강서구,126.813644,37.564365
강서구,126.816216,37.568035
강서구,126.81543,37.564835
강서구,126.812,37.572323
강서구,126.8124,37.571556
강서구,126.81266,37.57115
강서구,126.81278,37.570667
강서구,126.815186,37.572906
강서구,126.82253,37.57157
강서구,126.813545,37.578705
강서구,126.813545,37.578705
강서구,126.80672,37.566742
강서구,126.81261,37.566242
강서구,126.81289,37.568333
강서구,126.80673,37.567223
강서구,126.806984,37.56652
강서구,126.81099,37.57295
강서구,126.80786,37.56788
강서구,126.80668,37.567883
강서구,126.805626,37.56787
강서구,126.81169,37.567017
강서구,126.8119,37.566555
강서구,126.808945,37.572193
강서구,126.80895,37.571682
강서구,126.8102,37.572407
강서구,126.81009,37.57163
강서구,126.80953,37.5708
강서구,126.80767,37.56946
강서구,126.8105,37.56867
강서구,126.806564,37.566845
강서구,126.807175,37.56601
강서구,126.808975,37.56702
강서구,126.81133,37.566696
강서구,126.810974,37.566345
강서구,126.81067,37.565456
강서구,126.80875,37.56536
강서구,126.8088,37.56436
강서구,126.80685,37.56418
강서구,126.810135,37.56413
강서구,126.80854,37.564625
강서구,126.807556,37.564686
강서구,126.79565,37.580677
강서구,126.79565,37.580677
강서구,126.79565,37.580677
강서구,126.79565,37.580677
강서구,126.813286,37.581993
강서구,126.81289,37.581516
강서구,126.81395,37.581665
강서구,126.873314,37.54729
강서구,126.873314,37.54729
강서구,126.81343,37.57867
강서구,126.8137,37.578674
강서구,126.813965,37.578625
강서구,126.79872,37.582863
강서구,126.8015,37.57776
강서구,126.80511,37.573475
강서구,126.806854,37.573814
강서구,126.807785,37.57364
강서구,126.80991,37.574066
강서구,126.81225,37.57391
강서구,126.81386,37.574234
강서구,126.81381,37.5751
강서구,126.80471,37.572662
강서구,126.80523,37.57266
강서구,126.8109,37.57563
강서구,126.81232,37.577095
강서구,126.81508,37.57709
강서구,126.81654,37.57647
강서구,126.82007,37.575886
강서구,126.81242,37.576298
강서구,126.81267,37.576912
강서구,126.812996,37.57783
강서구,126.80726,37.57885
강서구,126.82036,37.57493
강서구,126.8132,37.578796
강서구,126.814064,37.578465
강서구,126.81065,37.579224
강서구,126.81382,37.578644
강서구,126.8137,37.581573
강서구,126.8137,37.581573
강서구,126.83503,37.570023
강서구,126.83503,37.570023
강서구,126.83503,37.570023
강서구,126.83503,37.570023
강서구,126.83503,37.570023
강서구,126.83503,37.570023
강서구,126.83503,37.570023
강서구,126.83503,37.570023
강서구,126.83503,37.570023
강서구,126.83503,37.570023
강서구,126.83503,37.570023
강서구,126.83503,37.570023
강서구,126.83503,37.570023
강서구,126.83503,37.570023
강서구,126.83503,37.570023
강서구,126.83503,37.570023
강서구,126.83503,37.570023
강서구,126.83503,37.570023
강서구,126.83503,37.570023
강서구,126.83503,37.570023
강서구,126.83503,37.570023
강서구,126.83503,37.570023
강서구,126.83503,37.570023
강서구,126.83503,37.570023
강서구,126.83503,37.570023
강서구,126.83503,37.570023
강서구,126.83503,37.570023
강서구,126.83503,37.570023
강서구,126.83503,37.570023
강서구,126.83503,37.570023
강서구,126.83503,37.570023
강서구,126.83503,37.570023
강서구,126.83503,37.570023
강서구,126.83503,37.570023
강서구,126.83503,37.570023
강서구,126.83451,37.57057
강서구,126.83451,37.57057
강서구,126.83441,37.568382
강서구,126.83284,37.56716
강서구,126.83281,37.56527
강서구,126.83281,37.56527
강서구,126.829735,37.566383
강서구,126.829735,37.566383
강서구,126.83494,37.5715
강서구,126.83494,37.5715
강서구,126.83494,37.5715
강서구,126.836105,37.57672
강서구,126.836266,37.577103
강서구,126.836044,37.577694
강서구,126.835014,37.57802
강서구,126.83456,37.577446
강서구,126.83453,37.57698
강서구,126.83414,37.576656
강서구,126.83417,37.57621
강서구,126.83371,37.5757
강서구,126.833725,37.575367
강서구,126.8332,37.5748
강서구,126.83361,37.574265
강서구,126.83307,37.57393
강서구,126.832664,37.57319
강서구,126.83305,37.57283
강서구,126.83361,37.572727
강서구,126.83309,37.571915
강서구,126.83202,37.572247
강서구,126.831726,37.571407
강서구,126.83157,37.570766
강서구,126.832,37.570263
강서구,126.83153,37.56984
강서구,126.831436,37.569336
강서구,126.83163,37.568634
강서구,126.83209,37.568398
강서구,126.83106,37.56771
강서구,126.83116,37.567173
강서구,126.83117,37.56745
강서구,126.83198,37.56759
강서구,126.8296,37.566853
강서구,126.82865,37.566563
강서구,126.828514,37.5661
강서구,126.828,37.56512
강서구,126.82923,37.566242
강서구,126.83022,37.566845
강서구,126.83147,37.566612
강서구,126.83056,37.566124
강서구,126.83079,37.56603
강서구,126.831894,37.56605
강서구,126.83114,37.56505
강서구,126.827934,37.56498
강서구,126.82853,37.564533
강서구,126.829315,37.56434
강서구,126.82992,37.564457
강서구,126.83094,37.56421
강서구,126.83219,37.564434
강서구,126.83298,37.564236
강서구,126.833595,37.563976
강서구,126.83341,37.5648
강서구,126.83172,37.56501
강서구,126.83164,37.565
강서구,126.83222,37.565193
강서구,126.83244,37.565144
강서구,126.833206,37.565495
강서구,126.83415,37.565235
강서구,126.83368,37.566067
강서구,126.83238,37.565704
강서구,126.83176,37.566917
강서구,126.832954,37.56653
강서구,126.833725,37.5665
강서구,126.83397,37.566944
강서구,126.83295,37.567425
강서구,126.83348,37.56789
강서구,126.83428,37.567905
강서구,126.83279,37.568027
강서구,126.83279,37.568684
강서구,126.83349,37.5686
강서구,126.834145,37.568317
강서구,126.83558,37.568825
강서구,126.8346,37.569134
강서구,126.8327,37.569187
강서구,126.83341,37.569218
강서구,126.834465,37.56949
강서구,126.835884,37.56946
강서구,126.83559,37.569714
강서구,126.83332,37.569992
강서구,126.83388,37.570503
강서구,126.8336,37.571327
강서구,126.83502,37.57125
강서구,126.83597,37.57107
강서구,126.83366,37.5717
강서구,126.833046,37.57197
강서구,126.83503,37.570023
강서구,126.83503,37.570023
강서구,126.83503,37.570023
강서구,126.83503,37.570023
강서구,126.83503,37.570023
강서구,126.83503,37.570023
강서구,126.83503,37.570023
강서구,126.83503,37.570023
강서구,126.83503,37.570023
강서구,126.83503,37.570023
강서구,126.83503,37.570023
강서구,126.83503,37.570023
강서구,126.83494,37.569275
강서구,126.83494,37.569275
강서구,126.83494,37.569275
강서구,126.83494,37.569275
강서구,126.83559,37.575954
강서구,126.83525,37.575165
강서구,126.834854,37.57447
강서구,126.834274,37.573483
강서구,126.83435,37.573154
강서구,126.83503,37.570023
강서구,126.83503,37.570023
강서구,126.83503,37.570023
강서구,126.83503,37.570023
강서구,126.83503,37.570023
강서구,126.81714,37.5865
강서구,126.81714,37.5865
강서구,126.84634,37.532673
강서구,126.848045,37.529686
강서구,126.81214,37.572014
강서구,126.81214,37.572014
강서구,126.8127,37.57105
강서구,126.814095,37.582256
강서구,126.83929,37.53491
강서구,126.84024,37.535282
강서구,126.84459,37.57322
강서구,126.83009,37.54893
강서구,126.8416,37.563744
강서구,126.811066,37.564377
강서구,126.85192,37.550667
강서구,126.80871,37.569412
강서구,126.84403,37.54831
강서구,126.8132,37.57778
강서구,126.8443,37.571804
강서구,126.843185,37.55749
강서구,126.843185,37.55749
강서구,126.843185,37.55749
강서구,126.843185,37.55749
강서구,126.843185,37.55749
강서구,126.843185,37.55749
강서구,126.843185,37.55749
강서구,126.86664,37.553047
강서구,126.86664,37.553047
강서구,126.83511,37.544647
강서구,126.83511,37.544647
강서구,126.83511,37.544647
강서구,126.83511,37.544647
강서구,126.83511,37.544647
강서구,126.81382,37.57867
강서구,126.81382,37.57867
강서구,126.81382,37.57867
강서구,126.83849,37.53788
강서구,126.8481,37.540962
강서구,126.8481,37.540962
강서구,126.8481,37.540962
강서구,126.83718,37.535683
강서구,126.83718,37.535683
강서구,126.83718,37.535683
강서구,126.8411,37.535442
강서구,126.8411,37.535442
강서구,126.8411,37.535442
강서구,126.8512,37.541462
강서구,126.8512,37.541462
강서구,126.8512,37.541462
강서구,126.8512,37.541462
강서구,126.84255,37.564835
강서구,126.84255,37.564835
강서구,126.84255,37.564835
강서구,126.84255,37.564835
강서구,126.84255,37.564835
강서구,126.84255,37.564835
강서구,126.84255,37.564835
강서구,126.84255,37.564835
강서구,126.85473,37.56356
강서구,126.85473,37.56356
강서구,126.85473,37.56356
강서구,126.85473,37.56356
강서구,126.85473,37.56356
강서구,126.85473,37.56356
강서구,126.85473,37.56356
강서구,126.85473,37.56356
강서구,126.86151,37.561737
강서구,126.86151,37.561737
강서구,126.86151,37.561737
강서구,126.86151,37.561737
강서구,126.86151,37.561737
강서구,126.81107,37.57833
강서구,126.81107,37.57833
강서구,126.81107,37.57833
강서구,126.81107,37.57833
강서구,126.81107,37.57833
강서구,126.81107,37.57833
강서구,126.81107,37.57833
강서구,126.80308,37.570374
강서구,126.80308,37.570374
강서구,126.80308,37.570374
강서구,126.80308,37.570374
강서구,126.80308,37.570374
강서구,126.80308,37.570374
강서구,126.80308,37.570374
강서구,126.80308,37.570374
강서구,126.80308,37.570374
강서구,126.80308,37.570374
강서구,126.80308,37.570374
강서구,126.85155,37.549427
강서구,126.85146,37.549267
강서구,126.85171,37.567318
강서구,126.85171,37.567318
강서구,126.85171,37.567318
강서구,126.85171,37.567318
강서구,126.85171,37.567318
강서구,126.85171,37.567318
강서구,126.85171,37.567318
강서구,126.85171,37.567318
강서구,126.85171,37.567318
강서구,126.85171,37.567318
강서구,126.85171,37.567318
강서구,126.81185,37.584183
강서구,126.81185,37.584183
강서구,126.81185,37.584183
강서구,126.81185,37.584183
강서구,126.81185,37.584183
강서구,126.81185,37.584183
강서구,126.81185,37.584183
강서구,126.81185,37.584183
강서구,126.81185,37.584183
강서구,126.81185,37.584183
강서구,126.81185,37.584183
강서구,126.84193,37.54416
강서구,126.84148,37.5433
강서구,126.81126,37.55628
강서구,126.8512,37.568504
강서구,126.841515,37.559174
강서구,126.81169,37.586285
강서구,126.81169,37.586285
강서구,126.84916,37.55335
강서구,126.84916,37.55335
강서구,126.81714,37.5865
강서구,126.852,37.564953
강서구,126.852,37.564953
강서구,126.852,37.564953
강서구,126.852,37.564953
강서구,126.85294,37.53084
강서구,126.85294,37.53084
강서구,126.81306,37.574528
강서구,126.86839,37.550716
강서구,126.844025,37.558872
강서구,126.83985,37.537205
강서구,126.85253,37.548107
강서구,126.85253,37.548107
강서구,126.85253,37.548107
강서구,126.85253,37.548107
강서구,126.811325,37.584248
강서구,126.84956,37.545822
강서구,126.862305,37.552452
강서구,126.862305,37.552452
강서구,126.862305,37.552452
강서구,126.862305,37.552452
강서구,126.85298,37.551517
강서구,126.84572,37.55923
강서구,126.85132,37.54156
강서구,126.81227,37.570656
강서구,126.81227,37.570656
강서구,126.81847,37.57305
강서구,126.81847,37.57305
강서구,126.82659,37.552444
강서구,126.82659,37.552444
강서구,126.84351,37.561462
강서구,126.84278,37.558426
강서구,126.84278,37.558426
강서구,126.85265,37.55237
강서구,126.83059,37.55278
강서구,126.83059,37.55278
강서구,126.808945,37.560314
강서구,126.808945,37.560314
강서구,126.808945,37.560314
강서구,126.808945,37.560314
강서구,126.84891,37.52897
강서구,126.842476,37.56634
강서구,126.842476,37.56634
강서구,126.842476,37.56634
강서구,126.842476,37.56634
강서구,126.842476,37.56634
강서구,126.84923,37.542007
강서구,126.84923,37.542007
강서구,126.853584,37.551506
강서구,126.853584,37.551506
강서구,126.81372,37.56404
중랑구,127.080154,37.57475
중랑구,127.0764,37.614704
중랑구,127.104034,37.600452
중랑구,127.10338,37.600307
중랑구,127.1089,37.600464
중랑구,127.10776,37.60048
중랑구,127.095566,37.59882
중랑구,127.09487,37.598557
중랑구,127.09114,37.597828
중랑구,127.09035,37.597507
중랑구,127.0771,37.613594
중랑구,127.07392,37.587532
중랑구,127.07944,37.580273
중랑구,127.07659,37.61527
중랑구,127.092865,37.616848
중랑구,127.08376,37.595894
중랑구,127.08292,37.59555
중랑구,127.10852,37.61734
중랑구,127.09534,37.607613
중랑구,127.1063,37.60564
중랑구,127.086395,37.573505
중랑구,127.088745,37.57569
중랑구,127.112724,37.615803
중랑구,127.09884,37.59954
중랑구,127.09791,37.59926
중랑구,127.076164,37.593983
중랑구,127.075096,37.593586
중랑구,127.09405,37.584
중랑구,127.0856,37.61984
중랑구,127.08873,37.59735
중랑구,127.08172,37.58113
중랑구,127.07883,37.606037
중랑구,127.094284,37.60664
중랑구,127.09599,37.61057
중랑구,127.10722,37.603966
중랑구,127.10584,37.60588
중랑구,127.09824,37.613743
중랑구,127.07985,37.58289
중랑구,127.08331,37.592392
중랑구,127.08331,37.592392
중랑구,127.08697,37.588833
중랑구,127.093376,37.58993
중랑구,127.09144,37.589447
중랑구,127.08778,37.588654
중랑구,127.09324,37.590214
중랑구,127.092384,37.59024
중랑구,127.09138,37.58999
중랑구,127.09097,37.589775
중랑구,127.09251,37.591534
중랑구,127.079,37.589695
중랑구,127.07805,37.590607
중랑구,127.077415,37.591408
중랑구,127.07692,37.59199
중랑구,127.079796,37.587753
중랑구,127.079,37.589695
중랑구,127.08806,37.58297
중랑구,127.08806,37.58297
중랑구,127.08806,37.58297
중랑구,127.08806,37.58297
중랑구,127.093605,37.58172
중랑구,127.08978,37.58116
중랑구,127.09028,37.580906
중랑구,127.09265,37.58109
중랑구,127.08906,37.582176
중랑구,127.101135,37.586636
중랑구,127.08558,37.57469
중랑구,127.08558,37.57469
중랑구,127.08537,37.57454
중랑구,127.08537,37.57454
중랑구,127.08537,37.57454
중랑구,127.08632,37.571575
중랑구,127.09038,37.573135
중랑구,127.09115,37.572857
중랑구,127.08699,37.573826
중랑구,127.08893,37.573273
중랑구,127.07951,37.585785
중랑구,127.07951,37.585785
중랑구,127.07958,37.586178
중랑구,127.07688,37.582684
중랑구,127.07737,37.58211
중랑구,127.07777,37.581512
중랑구,127.08698,37.578995
중랑구,127.08698,37.578995
중랑구,127.08568,37.57823
중랑구,127.09552,37.579998
중랑구,127.0872,37.599888
중랑구,127.0872,37.599888
중랑구,127.093025,37.599007
중랑구,127.090034,37.60458
중랑구,127.08328,37.592434
중랑구,127.08328,37.592434
중랑구,127.08328,37.592434
중랑구,127.08328,37.592434
중랑구,127.08328,37.592434
중랑구,127.08615,37.594826
중랑구,127.076485,37.592796
중랑구,127.07627,37.593555
중랑구,127.09292,37.59638
중랑구,127.08062,37.601173
중랑구,127.08062,37.601173
중랑구,127.083405,37.60195
중랑구,127.08053,37.604034
중랑구,127.07617,37.602833
중랑구,127.07617,37.602833
중랑구,127.07617,37.602833
중랑구,127.079094,37.601444
중랑구,127.07348,37.60536
중랑구,127.07636,37.605022
중랑구,127.071815,37.60512
중랑구,127.074394,37.60296
중랑구,127.07377,37.60006
중랑구,127.078476,37.612373
중랑구,127.078476,37.612373
중랑구,127.078,37.612186
중랑구,127.08629,37.618507
중랑구,127.08175,37.614365
중랑구,127.081245,37.617123
중랑구,127.076035,37.60958
중랑구,127.076035,37.60958
중랑구,127.07657,37.6066
중랑구,127.0731,37.615288
중랑구,127.0731,37.615288
중랑구,127.07287,37.61039
중랑구,127.07302,37.60772
중랑구,127.07367,37.60484
중랑구,127.07367,37.60484
중랑구,127.07438,37.61357
중랑구,127.1017,37.600697
중랑구,127.1017,37.600697
중랑구,127.10798,37.600273
중랑구,127.1003,37.59535
중랑구,127.09725,37.59562
중랑구,127.09815,37.592373
중랑구,127.09815,37.592373
중랑구,127.10395,37.59131
중랑구,127.09954,37.60588
중랑구,127.09954,37.60588
중랑구,127.10061,37.605976
중랑구,127.097115,37.61224
중랑구,127.110855,37.619263
중랑구,127.109024,37.616558
중랑구,127.11221,37.61457
중랑구,127.10993,37.617176
중랑구,127.111206,37.617302
중랑구,127.09415,37.610912
중랑구,127.098305,37.61393
중랑구,127.09423,37.60619
중랑구,127.09423,37.60619
중랑구,127.09423,37.60619
중랑구,127.09423,37.60619
중랑구,127.09423,37.60619
중랑구,127.0928,37.606525
중랑구,127.0928,37.606525
중랑구,127.0928,37.606525
중랑구,127.0928,37.606525
중랑구,127.0928,37.606525
중랑구,127.0928,37.606525
중랑구,127.0928,37.606525
중랑구,127.0928,37.606525
중랑구,127.0928,37.606525
중랑구,127.0928,37.606525
중랑구,127.0928,37.606525
중랑구,127.0928,37.606525
중랑구,127.0928,37.606525
중랑구,127.0928,37.606525
중랑구,127.0928,37.606525
중랑구,127.0928,37.606525
중랑구,127.0928,37.606525
중랑구,127.0928,37.606525
중랑구,127.0928,37.606525
중랑구,127.0928,37.606525
중랑구,127.0928,37.606525
중랑구,127.0928,37.606525
중랑구,127.0928,37.606525
중랑구,127.0928,37.606525
중랑구,127.0928,37.606525
중랑구,127.0928,37.606525
중랑구,127.0928,37.606525
중랑구,127.0928,37.606525
중랑구,127.0928,37.606525
중랑구,127.0928,37.606525
중랑구,127.0928,37.606525
중랑구,127.0928,37.606525
중랑구,127.0928,37.606525
중랑구,127.0928,37.606525
중랑구,127.0928,37.606525
중랑구,127.0928,37.606525
중랑구,127.0928,37.606525
중랑구,127.0928,37.606525
중랑구,127.0928,37.606525
중랑구,127.0928,37.606525
중랑구,127.0928,37.606525
중랑구,127.0928,37.606525
중랑구,127.0928,37.606525
중랑구,127.0928,37.606525
중랑구,127.0928,37.606525
중랑구,127.0928,37.606525
중랑구,127.0928,37.606525
중랑구,127.0928,37.606525
중랑구,127.0928,37.606525
중랑구,127.0928,37.606525
중랑구,127.0928,37.606525
중랑구,127.0928,37.606525
중랑구,127.0928,37.606525
중랑구,127.0928,37.606525
중랑구,127.0928,37.606525
중랑구,127.0928,37.606525
중랑구,127.0928,37.606525
중랑구,127.0928,37.606525
중랑구,127.0928,37.606525
중랑구,127.0928,37.606525
중랑구,127.0928,37.606525
중랑구,127.09512,37.605556
중랑구,127.09319,37.6064
중랑구,127.0928,37.606525
중랑구,127.0919,37.60657
중랑구,127.09414,37.60846
중랑구,127.093155,37.606304
중랑구,127.093155,37.606304
중랑구,127.079,37.59
중랑구,127.086,37.575
중랑구,127.08,37.586
중랑구,127.087,37.6
중랑구,127.099464,37.60587
중랑구,127.094,37.606
중랑구,127.094,37.606
중랑구,127.07492,37.6078
중랑구,127.09969,37.605064
중랑구,127.092766,37.606495
중랑구,127.092766,37.606495
중랑구,127.101395,37.600582
중랑구,127.101395,37.600582
중랑구,127.101395,37.600582
중랑구,127.101395,37.600582
중랑구,127.101395,37.600582
중랑구,127.101395,37.600582
중랑구,127.101395,37.600582
중랑구,127.101395,37.600582
중랑구,127.07309,37.615192
중랑구,127.07292,37.61489
중랑구,127.09619,37.603718
중랑구,127.09619,37.603718
중랑구,127.09619,37.603718
중랑구,127.09619,37.603718
중랑구,127.09619,37.603718
중랑구,127.09619,37.603718
중랑구,127.09619,37.603718
중랑구,127.09619,37.603718
중랑구,127.09486,37.554962
중랑구,127.09486,37.554962
중랑구,127.09486,37.554962
중랑구,127.09486,37.554962
중랑구,127.09486,37.554962
중랑구,127.078186,37.587048
중랑구,127.0801,37.585735
중랑구,127.078896,37.597485
중랑구,127.10131,37.587616
중랑구,127.103325,37.604164
중랑구,127.103325,37.604164
중랑구,127.1009,37.594933
중랑구,127.1009,37.594933
중랑구,127.0853,37.602192
중랑구,127.09169,37.5819
중랑구,127.08238,37.59216
중랑구,127.075966,37.6098
중랑구,127.0822,37.584274
중랑구,127.1079,37.60221
중랑구,127.08796,37.614803
중랑구,127.08796,37.614803
중랑구,127.08796,37.614803
중랑구,127.08796,37.614803
중랑구,127.08796,37.614803
중랑구,127.08796,37.614803
중랑구,127.10885,37.605885
중랑구,127.10885,37.605885
중랑구,127.10885,37.605885
중랑구,127.10885,37.605885
중랑구,127.10885,37.605885
중랑구,127.07446,37.58917
중랑구,127.07834,37.59576
중랑구,127.10767,37.604214
중랑구,127.10767,37.604214
중랑구,127.080765,37.604565
중랑구,127.080765,37.604565
중랑구,127.080765,37.604565
중랑구,127.07836,37.595608
중랑구,127.07836,37.595608
중랑구,127.08116,37.603245
중랑구,127.08116,37.603245
중랑구,127.08116,37.603245
중랑구,127.10139,37.60057
중랑구,127.088036,37.582905
중랑구,127.079475,37.585735
중랑구,127.08694,37.57893
중랑구,127.07604,37.609516
중랑구,127.10767,37.604214
중랑구,127.10767,37.604214
중랑구,127.10767,37.604214
중랑구,127.10767,37.604214
중랑구,127.10767,37.604214
중랑구,127.10767,37.604214
중랑구,127.10767,37.604214
중랑구,127.10767,37.604214
중랑구,127.08673,37.579193
중랑구,127.08673,37.579193
중랑구,127.11005,37.61808
중랑구,127.0801,37.585705
